<?xml version="1.0" encoding="UTF-8"?>
<configuration>
  <appender name="STDOUT" class="ch.qos.logback.core.ConsoleAppender">
    <layout class="ch.qos.logback.classic.PatternLayout">
      <Pattern>%d{HH:mm:ss.SSS} [%thread] %-5level %logger{36} - %msg%n</Pattern>
    </layout>
  </appender>
  
  <logger name="com.spring.controller" level="info"/>  
  <logger name="com.spring.BoardMapper" level="debug"/>  
  <logger name="com.spring.ReplayMapper" level="debug"/>  
  <logger name="org.springframework.context" level="info"/>  
  <logger name="org.springframework.core" level="info"/>  
  <logger name="org.springframework.beans" level="info"/>  
  <logger name="org.springframework.web" level="info"/>
  
  <root level="info">  	
    <appender-ref ref="STDOUT" />     
  </root>
</configuration>


















