<?xml version="1.0" encoding="UTF-8"?>
<!DOCTYPE mapper PUBLIC "-//mybatis.org//DTD Mapper 3.0//EN" "http://mybatis.org/dtd/mybatis-3-mapper.dtd">
<mapper namespace="com.spring.mapper.ReplyMapper">
	<insert id="insert">
		insert into spring_reply(rno,bno,reply,replyer) 
		values(seq_reply.val,#{bno},#{reply},#{replyer})
	</insert>

	<select id ="read" resultType="com.spring.domain.ReplyVO">
		select * from spring_reply where rno=#{rno}
	</select>
	
	<select id="getList" resultType="com.spring.domain.ReplyVO">
		<![CDATA[
			select rno,bno,reply,replyer,replyDate,updateDate
			from(select /*+INDEX_DESC(spring_reply idx_reply)*/
			     rownum rnum,rno,bno,reply,replyer,replyDate,updateDate
			     from spring_reply
			     where bno=#{bno} and rno>0 and 
			     rownum <= #{cri.pageNum} * #{cri.amount})
			where rnum > (#{cri.pageNum}-1)*#{cri.amount}
		]]>
	</select>
	
	<update id="update">
	
		update spring_reply set reply=#{reply},updateDate=sysdate where rno=#{rno}
	</update>
	
	<delete id="delete">
		
		delete from spring_reply where rno=#{rno}
	</delete>
	
	<!-- 현재 글의 전체 댓글 수 알아내기 -->
	<select id="getCountByBno" resultType="int">
		select count(*) from spring_reply where bno=#{bno}
	</select>
	
</mapper>


